WSR0,WSR1,WSR2,WSR3,WSR4,WSR5,WSR6,WSR7,WSR8,WSR9,WSR10,WSR11,WSR12,WSR13,WSR14,WSR15,WSR16,WSR17,WSR18,WSR19,WSR20,WSR21,WSR22,WSR23,WSR_PK,WSR_AV,T0,T1,T2,T3,T4,T5,T6,T7,T8,T9,T10,T11,T12,T13,T14,T15,T16,T17,T18,T19,T20,T21,T22,T23,T_PK,T_AV,T85,RH85,U85,V85,HT85,T70,RH70,U70,V70,HT70,T50,RH50,U50,V50,HT50,KI,TT,SLP,SLP_,Precp
0.4,0.5,2.1,2.2,2.5,2.4,2.1,2.9,3.6,3.4,2.6,2.1,1.4,2.3,2.6,2.9,3.1,3.1,2.8,2.4,2,1.3,0.8,0.4,3.6,2.2,12.4,11.7,12.6,12.2,11.8,11.4,11.1,12.4,14.3,16.5,18.4,19.9,21,21.4,22,22.2,21.9,20.8,18.6,16.9,15.9,15.2,14.4,13.3,22.2,16.2,11.4,0.13,2.84,-5.45,1482.5,6.1,0.14,12.49,-10.6,3095,-11.3,0.1,20.91,-3.9,5755,-15.9,19.4,10140,20,0
0,0.6,0.4,0.3,0.1,0.3,0.2,1.4,2.6,3.8,4.3,3.7,4.2,4.2,4.5,4.9,4.4,4.6,4,2.9,3.2,2.9,2.7,2.9,4.9,2.6,13.1,13.1,12.1,10.7,10.4,10.2,10.5,15.6,19.7,22.4,23.6,24.6,24.4,24.3,24.4,24.3,23.9,22.7,20.7,19.1,18.2,17.6,17.1,16.9,24.6,18.3,10.3,0.28,2.55,-8.85,1561,1.15,0.16,5.64,-14.05,3144,-11.8,0.15,17.27,-12.27,5795,-12.6,24.2,10220,45,0
1.8,0.3,0.1,0.1,0.1,0.2,0.2,0.7,0.9,2,3,3,2.8,3,2.7,3.1,2.8,2.6,2.4,2,1.8,1.1,0.8,0.2,3.1,1.6,15.1,13.3,11.9,11.3,10.8,10.5,11.3,15.6,19.4,21.8,22.9,23.7,23.9,23.8,24.1,24.2,23.9,23.2,21.5,19.4,17.9,16.9,15.8,14.9,24.2,18.2,7,0.53,-2.29,-5.44,1520.5,0.05,0.16,5.23,-5.64,3096,-13.1,0.31,20.36,2.61,5740,-3.5,30.6,10180,35,0
0.5,0.1,0.1,0.1,0.1,0.2,0.3,0.8,1.2,1.3,2.2,2.8,3.4,3,3.4,2.5,2.6,2,1,1.8,1.6,1.8,1.7,1.3,3.4,1.5,11.7,11.2,10.6,10.3,9.9,9.8,10.8,15.6,20.3,22.3,23.2,24.1,24.8,25.2,25.7,26.3,26.1,26,24.7,21.5,19.4,18.7,18.1,17.2,26.3,18.9,6.3,0.43,3.18,-6.76,1535,-4.1,0.14,11.12,-11.93,3090.5,-18,0.14,16.78,-17.99,5680,-2.4,37.6,10195,-10,0
3.1,2.4,2.4,3,3.4,3.4,3.9,4.5,5.5,5.5,5.2,5.1,5.5,5.5,5.5,5.5,5.1,4.9,4.9,3.8,3.8,3,2.6,3,5.5,4.2,19,18.6,18.4,18.4,18.7,18.6,19.3,20.9,22.2,23,24.1,24.9,25.1,24.9,24.7,24.1,23.3,22.7,21.9,21.2,20.6,20.1,19.8,19.9,25.1,21.4,11.6,0.58,1.72,5.03,1520,5.3,0.27,-2.86,-2.78,3128.5,-10.8,0.13,9.22,-5.96,5790,7.1,35.4,10165,-25,0
0,0.6,0.2,0.3,0.6,1,1.3,1.9,1.3,0.4,1.1,0.5,1.2,1.3,2.3,2.6,3.3,2.8,1.3,2.8,3,3.1,2.8,2.5,3.3,1.6,13.6,12.8,12.1,11.7,11.2,11.4,12.3,14.9,18,21.2,23.2,24.9,25.7,26.8,27.9,28.7,28.9,28.6,27,23.5,22.1,20.8,19.8,19.1,28.9,20.3,12.4,0.49,4.65,-2.21,1507,3.1,0.43,6.94,0.18,3110,-15.1,0.22,17.14,5.87,5745,16.4,43.5,10145,-10,0
3.4,2.7,2.2,2.2,1.3,0.6,1.9,2.9,3.5,4.1,3.8,4.6,5,4.7,4.8,4.2,3,2.1,1.7,1.1,1.8,0.8,0.4,0.2,5,2.6,18.8,18.2,17.7,17.8,17.2,16.2,17.1,18.8,20.7,23.4,25.9,27.9,29.2,29.8,30.8,31.7,31.7,30.6,29.1,26.8,26.6,25.4,22.1,20.1,31.7,23.9,14.3,0.4,11.93,-1.48,1494.5,1.1,0.49,11.84,-4.31,3096,-16.7,0.21,16.17,-1.06,5710,18.05,48.5,10115,-30,0
3.7,1.5,0.3,1.8,1.9,2.1,2,2,2.2,2,2.2,2.1,2.2,1.6,1.1,1.1,2.2,2.6,2.5,1.9,1.6,0.2,1.1,0.5,3.7,1.8,21.6,22,22,21.7,21.1,20.4,20.7,22.8,24.4,25.7,27.8,29.1,29.7,30.2,30.2,30.3,30.1,28.1,26.8,25.5,25,24.5,23.8,22.7,30.3,25.3,16.7,0.4,9.67,2.95,1498.5,4.6,0.56,16.55,-5.43,3117.5,-15.8,0.58,16.84,-13.64,5760,27.25,51,10100,5,0
0.3,1.3,1.7,1.8,0.3,1.2,1.2,2.1,3.2,3.8,3.8,3.8,3.2,3,3,3.8,4.2,4.2,3,2.8,2.7,2.1,1.7,0.8,4.2,2.5,22.4,22.6,22.7,21.6,19.9,19.6,19.9,21.3,23.7,25.6,27.1,27.9,28.3,28.7,29.1,28.7,28.2,27.2,25.5,24.2,23.4,22.6,22,21.3,29.1,24.3,14.5,0.81,5.16,-4.71,1491,6.2,0.52,13.66,-3.92,3116.5,-15.1,0.55,20.3,-7.39,5765,31.8,55.9,10105,5,0
2.3,2.2,2,3.1,2.6,1.6,2.1,3.5,3.8,3.4,3.5,3.4,3.4,4.4,4.2,3.9,3.4,2.5,2,1.4,0.7,0.1,0.1,0.5,4.4,2.5,23,22,20.8,20.5,19.7,19.2,19.4,20.9,22.3,23.9,25.7,27.2,28.4,29.1,30,30.6,30.8,30.6,29.4,27.3,25.1,22.6,21.3,21,30.8,24.6,18.5,0.41,13.68,-6.5,1468,10.9,0.14,17.88,-0.63,3110.5,-6.5,0.13,28.99,4.26,5825,4,35.5,10065,20,0
1.3,1.1,0.9,0.7,0.6,0.4,0.7,2,2.3,3.6,3.5,4,3.8,4.2,4.3,3.8,3.5,3.2,2.9,2.3,2.4,1.7,1.3,1.3,4.3,2.3,21.3,20.3,19.6,18.8,18.4,17.3,19.3,23.4,26.2,28,29.2,30,30.7,30.4,30.6,30.3,29.4,28.2,26.6,24.6,23.3,22.3,21.5,20.9,30.7,24.6,15.9,0.45,2.82,-7.75,1499,8.5,0.15,10.34,-13.41,3129,-8.8,0.14,24.08,-6.15,5835,3.6,36.4,10110,45,0
0.8,0.4,0.3,1.4,2.4,2.1,2.7,2.7,4,4.2,4.3,4,3.7,4.1,4.4,4.9,4.5,4.3,3.6,2.5,2.6,2,1.7,2.2,4.9,2.9,20.4,20.2,20.4,20.9,21.4,22,22.7,23.6,24.8,26.2,27.9,28.9,29.2,29.1,29.1,28.7,27.6,26.7,25.3,24.1,23.9,23.4,22.7,22.3,29.2,24.6,20.4,0.23,1.18,3.55,1492.5,9.2,0.21,4.13,0.3,3131,-9.5,0.21,20.14,-4.56,5830,8.3,37.8,10095,-15,0
0.6,0.7,0.5,1,1,1.3,0.6,0.7,2.4,1.3,1.5,2.1,2.1,2.4,2.9,2.6,2.5,2.5,2.5,2.5,2.3,1.7,1.3,0.2,2.9,1.6,21.5,21.2,21.6,22,21.9,21.7,21.8,22.6,24.9,27.1,29,30.9,32.2,33.1,33.9,33.9,32.7,31.9,30.1,28,26.3,24.7,23.3,22.1,33.9,26.6,18.7,0.16,6.18,-0.54,1587,12.5,0.21,4.77,-1.72,3231.5,-10.4,0.62,4.71,-2.06,5935,-13.2,27.2,10200,20,0
0,0.2,0,0.5,0.1,0.4,0.5,0.6,1.3,1.7,1.5,1.6,2.6,2.4,2.4,2.9,3.2,3.3,3.2,2.4,1.8,1.7,1.2,1,3.3,1.5,21.1,20.2,19.8,19.2,18.8,18.8,20.1,21.9,25.7,28.7,30.8,32.4,33.4,33.8,34.4,34.3,32.9,31.7,29.6,27.5,25.7,24.3,22.9,21.4,34.4,26.2,19,0.2,2.14,-1.8,1583,12.1,0.22,2.28,-1.76,3232,-10.7,0.59,5.38,-2.8,5935,5.7,36.4,10190,-10,0
0.3,0.1,0,0,0.1,0,0.6,1.5,1.2,1.3,1.4,1.9,3,2.9,3,3.1,3.5,3.6,3,2.1,1.6,1.8,1.3,1.1,3.6,1.6,19.9,19.1,18.7,18.4,18.2,18.3,19.5,21.5,24.5,27.2,29.3,31.2,32.2,32.7,33.1,33.2,32.3,30.9,29.1,27.2,25.8,24.6,23.7,23.1,33.2,25.6,20.2,0.27,-1.68,0.12,1578.5,11,0.19,2.56,-2.28,3229,-10.9,0.58,7.79,-7.6,5930,8.3,41.7,10180,-10,0
0.6,0.8,0.4,0.2,0.1,0.4,0.8,0.7,3,2.5,2.1,2.1,2.7,3,3.1,3.1,4,4.6,3.9,3.7,2.9,2,1.7,1.5,4.6,2.1,22.3,21.4,21.4,20.8,21,21.4,22.1,23.2,25.6,27.3,28.8,30,31.2,31.8,32.5,32.9,31.8,30,28.1,26.3,25.2,24.3,23.8,23.4,32.9,26.1,21,0.28,-1.87,2.85,1578,11.3,0.25,1,-2.67,3231,-9.6,0.4,2.46,-9.18,5935,14.1,42.2,10180,0,0
1.5,1.3,0.8,0.9,0.9,1,1.1,2.5,2.2,1.4,2,1.6,0.8,0.5,0.9,0.9,1,2.8,2.7,3.1,2.8,1,1.2,0.7,3.1,1.5,25.2,24.8,24.5,24.2,24.2,24.1,24.9,27,28.2,29.1,31,31.8,33.2,33.7,34.7,35.9,35.8,34.1,32.4,30.4,29.1,28,27.1,26.1,35.9,29.1,18.7,0.74,-1.12,1.37,1549.5,9.9,0.26,0.81,-1.56,3188,-8.4,0.19,3.57,-2,5890,22.95,49.35,10140,5,0
0.9,1.1,0.8,1.4,0.8,0.7,2,2.9,2.2,1.7,0.8,0.4,0.3,1.7,1.8,2.2,2.5,3.1,2.7,2.6,2.3,2.1,1.7,1.8,3.1,1.7,26.6,25.8,25.6,25.7,25.4,25.3,25.7,26.4,28.6,30.6,32.8,35.2,36.9,37.6,38.4,39.1,38.8,37.9,36.2,33.3,31.1,29.8,28.9,28.3,39.1,31.2,22.5,0.41,-4.75,-0.87,1599,9.7,0.39,-5.18,-2.96,3246,-5.7,0.19,-4.96,-1.06,5965,23.2,42.4,10180,5,0
1.7,0.8,1.1,1.1,0.1,0.3,0.3,2.1,3.5,3,2.7,2.6,1.7,1.5,0.9,2.1,2.3,2.1,1.9,3.5,2.8,2.1,1.9,1.5,3.5,1.8,27.8,27.1,26.3,26.3,25.8,25.5,26,28.1,29.7,31.7,33.5,35.3,36.8,37.3,38.6,39.5,39.3,38.9,37.4,34.7,32.5,31.3,30.4,29.6,39.5,32.1,21.5,0.64,-3.29,-4.47,1591,9.4,0.7,-4.48,-1.99,3241.5,-5.4,0.17,-4.33,-2.78,5955,35.65,46.4,10165,-15,0
0.9,0.6,0.4,0.8,0.2,1.8,1.7,1,1.3,1.5,1.8,1.5,0.8,0.8,1.4,0.3,2.6,3,3,2.5,2.3,0.8,0.7,0.8,3,1.4,25.1,24.9,25.1,25.2,25.2,25.2,24.8,25.2,26.4,28.3,30.3,32.1,32.2,33.1,33.9,34.9,33.3,32.7,31.3,30.1,29,28,26.7,26.2,34.9,28.7,18.6,0.69,7.31,1.38,1517,9,0.75,7.72,-0.18,3156,-7,0.84,6.61,2.14,5860,33.05,44.7,10110,-40,0
1.1,1.8,1.6,1.2,1.3,1.5,1.5,0.8,2.1,2.3,2.1,2.1,1.9,1.7,2.4,2.7,2.5,2.9,1.7,1.2,2.1,0.9,1.3,0.9,2.9,1.7,26.9,27.4,26.8,26.3,26.1,25.8,25.8,27,29.2,30.6,31.8,32.4,33.2,33.9,33.7,33.3,33.1,31.1,25.3,25.2,24.9,24.6,24.6,24.4,33.9,28.5,20.9,0.64,-4.13,-2.18,1555.5,9.7,0.3,-4.3,-1.7,3201.5,-6.6,0.37,0.47,2.64,5910,24.9,48,10130,-5,0.51
0.2,0.4,0.2,0.2,0.2,0.4,0.6,1.4,1.4,0.4,0.7,1.5,1.3,1.1,1.6,1.8,2.2,2,1.6,1.6,1.7,1.7,1.3,1.1,2.2,1.1,25.9,26,25.3,25.5,25.1,25.4,26,27.9,29.7,31.4,33.8,35,35.6,36,36.4,36.5,36,34.6,32.8,31.3,30.2,29.5,28.6,28.2,36.5,30.5,18.9,0.54,-3.16,-7.35,1494,9.2,0.34,-2.61,-10.57,3131.5,-4.2,0.14,5.54,-8.58,5850,16,36.7,10070,10,0
0.7,1,0.2,0.4,0.1,0.2,0.2,0.7,1.2,2.1,2.3,2.2,1.8,3.4,3.8,4.2,3.9,3.5,2.5,1.5,1.2,1.1,0.9,0.9,4.2,1.7,27.7,27.2,26.8,26.3,26,25.9,25.9,27.9,30.7,32.9,34.4,35.1,35.7,35.6,35.4,35,34.3,33,31,29.4,28.6,27.6,26.9,26.3,35.7,30.2,19.8,0.44,-2.38,-3.17,1523.5,9.4,0.23,-5.26,-8.75,3162.5,-4.8,0.05,-3.85,-4.59,5885,7.4,36.7,10105,35,0
2.2,1.8,1.7,1.8,1.7,1.5,1.6,1.9,1.6,1.4,0.8,1.6,1.6,2.1,3,2.3,2,1.6,0.3,0.8,0.1,0,0.1,0,3,1.4,27.3,26.6,26.1,25.8,25.4,25.2,25,25.9,27.8,29.8,31.4,32.3,32.7,32.9,33.4,31.6,30.3,29.7,28.6,27.9,27.1,26.6,26.3,25.7,33.4,28.4,19,0.67,-4.44,-2.07,1546.5,10.1,0.26,-5.53,-3.54,3188.5,-5,0.19,1.58,-0.52,5910,18.75,41.75,10135,10,0
1.4,1.1,1.4,0.8,1.7,2.3,2.4,2.7,2.9,3.4,4.2,4.1,4.2,4.2,4.4,4.6,4.8,4.6,4,3,2.3,1.7,1.7,0.9,4.8,2.9,20.7,19.8,19.4,18.6,17.7,18.2,18.3,20,21.8,24.8,26.7,27.8,28.4,29.2,29.2,29.2,27.9,26.7,25.3,24.7,23.8,22.7,22.2,21.6,29.2,23.5,14.6,0.78,0.26,-0.77,1577.5,9.8,0.07,10.61,2.57,3205.5,-9.7,0.58,21.44,3.76,5905,2.05,44.75,10200,70,0
2.6,2.5,2.5,1.3,0.9,1.8,1.8,3,4.2,4.2,3.1,1.4,0.2,1.1,2.6,2.7,2.5,3.8,3,1.5,0.2,0.1,0.5,1.7,4.2,2.1,20.5,20.2,20.4,21.5,21.8,21,21.1,22.4,25.2,27.4,28.2,29.3,30.2,31.1,31.9,32.3,32.7,32.2,30.2,28.1,24.1,22.1,20.8,22.1,32.7,25.7,19.3,0.59,7.38,10.75,1433,10.8,0.09,13.77,10.09,3083,-11.2,0.32,22.35,9.63,5770,7,51.2,10015,-70,0
0.6,0.3,0.8,1.7,1.1,0.5,0.6,1.7,3.2,2.6,1.7,2,2,1.3,1.9,1.8,2,1.9,1.5,1.9,1.3,1.3,1.2,0.3,3.2,1.5,16.8,15.3,14.9,15.4,15.3,15.1,15.9,18.9,22.2,24.5,26.1,26.9,27.9,28.7,29.4,30.2,30.5,30.1,28.3,25.8,23.3,21.6,20.4,18.8,30.5,22.6,15.9,0.24,8.12,-0.19,1498.5,5.5,0.2,19.94,2.73,3110.5,-13.6,0.21,27.45,8.63,5765,5.4,38.5,10120,65,0
1,1.5,1.6,1.7,1.7,1.5,2.1,2.6,2.5,2.4,2.4,2.9,3,3.7,3.3,2.4,2.6,3,3.2,1.8,0.8,0.9,0.6,0.9,3.7,2.1,24.5,24.3,23.8,23.6,23.2,23,23.6,24.8,26.4,27.7,28.7,29.8,30.3,30.6,30.1,28.7,28.6,28.6,28.1,27.3,26.3,26,25.2,24.9,30.6,26.6,15.5,0.63,0.57,-0.26,1559.5,8.4,0.45,5.1,-1.11,3184,-6.6,0.06,4.04,-0.63,5895,18.6,37.2,10170,-5,0.03
1,1.2,1.2,1.1,0.7,1,1.5,2.8,3.1,2.4,1.7,0.4,1,1.1,0.9,1.4,1.7,1.1,2,1.7,1.8,2.3,1.7,1.3,3.1,1.5,26.4,25.9,25.6,24.9,24.3,24.2,24.5,25.8,27.7,29.1,30.3,31.3,32.2,33.2,33.2,33.6,33.8,32.9,31.4,30.6,29.7,28.9,28.2,27.6,33.8,29,18.3,0.81,-0.93,-1.69,1564.5,10,0.56,-4.19,-3.73,3205,-5.4,0.3,-7.19,-5.88,5920,30.15,44.05,10150,-50,0
0.6,0.6,0.7,0.3,0.4,0.5,0.9,1.5,1.5,1.7,0.5,0.9,1.2,2,1,1,2.3,3.1,1.8,1.4,1.2,1.2,0.5,1.1,3.1,1.2,27.2,26.9,26.7,26.1,25.8,25.7,25.9,27.4,29.3,30.8,32.3,33.3,33.7,34.4,33.3,35.1,34.6,32.7,31.9,31.2,30.4,29.7,28.7,28.2,35.1,30.1,19.5,0.66,-3.41,-3.64,1539,8.2,0.78,-3.31,-3.05,3180,-4.4,0.15,-5.38,-1.55,5895,33.35,41.3,10115,-10,0.03
0.4,0.8,0.4,0.2,0,0.1,0.2,1.3,1.8,1.3,1,2,1.5,2,2.9,3.7,2.5,2.5,1.8,1.7,1.9,2.1,1.8,1.6,3.7,1.5,27.4,26.5,25.9,25.4,25.2,24.8,25.4,27.4,29.2,30.6,31.9,33,33.8,34.7,34.2,32.7,32.2,32.7,32.1,30.7,29.7,29.1,28.5,28.1,34.7,29.6,19.4,0.66,-1.56,0.02,1549.5,9.6,0.56,-1.83,-0.97,3190,-3.9,0.16,-0.5,0.91,5915,27.7,40.1,10130,15,0
0.1,0.4,0.8,0.4,0.4,0.9,1.1,1.6,1.9,1.6,1.6,2.5,2.9,3.3,3.4,3,2.8,2.9,2.8,1.9,2.1,1.2,1.1,0.6,3.4,1.7,24.8,24.6,24.5,24,23.5,23.1,23.1,24.2,26.8,28.9,30.3,31.7,32.8,33.7,33.9,34.1,34.1,33.7,32.1,30.4,29.5,28.7,27.7,26.6,34.1,28.6,19,0.32,-2.46,-1.35,1556,11.5,0.07,-5.08,0,3203,-2.8,0.01,-14.92,-3.77,5940,-16.2,19.6,10155,25,0
0.5,0.7,0.5,0.2,0.1,0.8,0.7,1,2,2,1.3,1.4,0.8,0.4,1.5,1,1.7,2.1,2.2,1.7,1.4,1.5,1.5,1.4,2.2,1.2,26.7,25.9,25.4,25.4,24.9,25,25.4,27.1,28.5,29.7,31.2,32,33.1,34,34.7,34.9,35.4,34.8,32.8,31.3,30.2,29.4,28.6,27.9,35.4,29.8,19.3,0.73,-3.01,0.42,1578,9.4,0.72,-3.79,-0.01,3220.5,-4.3,0.16,-10.93,-3.41,5945,33.1,42.2,10170,-5,0
1.7,1.4,1.4,1.6,1.6,1.1,1,1.4,1.8,2.2,2.2,2.2,1.6,0.9,1.7,1.9,3.9,2.1,0.4,1.2,0.9,1.4,1.2,1.1,3.9,1.6,27.6,27.1,26.6,26.4,26.1,25.7,25.6,27.2,29.3,31.4,33.4,34.8,36.1,37.7,38.3,38.7,32.9,28.8,29.2,29.4,29.5,29.3,29.1,28,38.7,30.3,21.5,0.58,-0.07,-3.82,1549.5,9.4,0.55,-4.74,-2.55,3196,-6,0.1,-4.42,-4.68,5905,32,46.5,10125,-5,0.58
1.2,0.8,0.8,0.4,1.4,1.3,0.9,1.7,0.8,0.8,1.7,2.6,3.3,3.8,4,4.7,4.5,4.3,3.7,2,1.3,0.8,0.8,0.7,4.7,2,27.5,27,26.6,26.2,26.5,26.3,26.6,28.1,29.9,31.6,32.8,33.6,33.9,34.2,34.1,33.6,32.5,31.7,30.8,29.7,28.9,28.2,27.9,27.3,34.2,29.8,20.8,0.65,-0.19,-3.27,1553.5,8.7,0.72,-2.21,-0.8,3199.5,-6.3,0.17,-5.33,-3.47,5910,36.05,47.15,10135,10,0
0.6,0.9,1.1,0.6,0.9,1.1,1,1.2,1.3,1.4,1.4,1,1.9,1.3,1.7,1.6,1.2,2.5,1,0.5,0.7,1.1,0.8,0.2,2.5,1.1,24.8,24.6,24.4,24.2,24.4,24.7,24.6,25.5,28.1,30.9,32.9,34.3,34.7,35.3,35.7,36.1,35.9,35.3,33.2,30,28.6,28,27.6,26.3,36.1,29.6,19.1,0.58,-2.06,-3.05,1543,7.6,0.52,-2.8,-3.65,3174.5,-6.3,0.15,-6.43,-11.85,5880,27,42.3,10120,-5,0
0.5,0,0.5,0.2,0.5,1,0.2,1.3,1.1,1.6,1,2,2.1,1.3,3.2,3.8,0.6,0.5,1.4,0.8,1,1.1,0.9,1.4,3.8,1.2,26.1,25.6,25.4,25.4,25,24.1,24.7,26.1,28.4,30.2,32,32.8,33.2,33.8,31.9,21.2,22.8,24,23.4,23.5,23.7,23.6,23.4,23.4,33.8,26.4,19.1,0.64,-2.71,-0.52,1536,6.8,0.68,-4,-5.86,3168.5,-7.9,0.34,-9.69,-7.98,5860,33.4,46.8,10115,-5,0
1.3,1.2,1.1,0.7,1.5,2.3,2.4,2.3,3,3.3,2.7,2.2,1.5,1.7,1.7,2.4,2.4,2.8,1.9,1.6,1.2,1.3,1.1,0.3,3.3,1.8,25.6,24.9,24.1,23.6,23.5,23.2,23.1,24.2,26.3,27.9,29.3,30.2,30.9,31.6,32.1,32.3,32.1,31.2,29.6,27.9,26.7,25.8,25.1,24.1,32.3,27.3,17.2,0.57,-2.21,-4.2,1526.5,9,0.38,-0.51,-10.23,3160.5,-7.1,0.02,4.95,-6.87,5850,17,38.6,10125,5,0
0.5,0.1,0.5,0.3,0.4,0.4,0.4,0.6,1.3,2.3,1.9,1.4,1.8,2.1,2.9,4.2,4.4,4.1,3.3,2.6,2.4,1.5,1,0.9,4.4,1.7,23.6,22.7,22.1,21.3,20.9,21.6,21.9,24.3,27.2,28.9,29.8,31,31.7,32.5,32.5,32.3,31.4,30.2,29.1,28.2,27.7,26.9,26.3,25.8,32.5,27.1,17.7,0.24,-1.77,0.3,1521,9.8,0.18,0.49,-5.63,3158.5,-6.8,0.02,1.6,-3.89,5860,-9.3,20.5,10120,-5,0
0.8,0.6,0.5,0.4,0.3,0.3,0.3,0.9,1.5,2.3,2.7,1.6,1.3,2,3,3.7,3.5,3,2.2,1.9,1.3,1.2,1.2,0.4,3.7,1.5,25.2,24.6,24.4,23.5,23,22.7,22.7,25.1,27.8,29.3,30.4,31.3,31.9,32.7,32.5,32.3,31.9,30.9,29.2,28,27.1,26.4,25.8,24.7,32.7,27.6,15.9,0.68,-1.75,2.29,1534,9.4,0.3,-2.93,-3.86,3173.5,-5.8,0.12,2.05,-1.89,5880,15.05,37.35,10135,15,0
0.4,0.5,0.3,0.3,0.3,0.6,0.4,1.1,1.8,1.4,1.4,0.8,1.4,1.1,2.4,2.7,2.9,2,0.9,0.2,0.6,0.7,0.3,0,2.9,1,19.8,19.4,18.7,17.9,17.4,17.3,17.4,20.1,23.3,26.6,28.7,30.2,31.1,32.1,32.7,32.7,32.7,31.9,28.1,25.8,24.4,23.6,23.2,21.7,32.7,24.9,15.7,0.45,-2.9,-3.19,1516.5,7.7,0.42,-1.08,-0.48,3144,-5.8,0.18,8.59,1.84,5855,13.7,31,10120,-40,0
0,0.1,0.7,0.7,0.4,0.5,0.9,1.8,2.5,2.8,2,1.4,1.8,2.3,3,2.9,2.6,1.9,0.7,0.4,0.3,1.2,0.7,1.2,3,1.4,20.2,19.7,19.8,19.7,19.3,19.2,19.5,22.1,25.8,28.7,31.2,32.7,34,35,35.5,35.6,35.1,33.9,31.7,28.4,26.6,27,25.1,25,35.6,27.1,17.2,0.64,-0.41,-4.37,1514.5,8.2,0.28,-1.63,-4.24,3150.5,-5.4,0.03,9.65,-6.57,5860,16.2,38.1,10105,-15,0
0.4,0.4,0.7,0.7,0.8,0.7,0.8,1.3,2.1,2.4,2.1,1,1.4,0.6,0.7,1.2,1.9,2.1,2.1,2,1.5,1.1,0.6,0.1,2.4,1.2,14.5,13.8,13.8,13.4,12.7,12.2,12.1,15.1,19.2,22.7,24.2,25.2,26,26.9,27.6,28.2,28.1,26.9,24.6,22.5,20.8,19.7,18.9,17.3,28.2,20.3,11.9,0.22,-1.59,-5.4,1523,8.7,0.09,-2.26,-5.7,3138.5,-9.4,0.03,-3,-8.27,5830,-31.3,12.6,10160,0,0
0.4,0.4,0.3,0.1,0.2,0.3,0.4,0.3,1.2,1.6,2.2,1.3,1.2,1.1,2.5,3.7,4.6,3.9,3.2,3.3,2.5,1.6,1.2,0.7,4.6,1.6,16,15.5,14.9,14.2,13.8,13.8,13.9,17.3,22.2,24.9,26.2,27.1,28.1,29.1,29.9,29.4,28.3,26.8,25.9,24.8,24.1,23.3,22.6,21.8,29.9,22.2,14.1,0.19,-2.09,-2.19,1511,10,0.02,1.21,-0.83,3133.5,-8.4,0.02,7.21,-2.55,5835,-39.9,13.5,10140,-20,0
0.4,0.8,1,0.5,0.7,0.8,0.9,1.7,2.2,2.8,2.4,2,2.4,2.2,1.7,2.5,3,2.5,2,2.7,1.7,1.3,1.3,2.1,3,1.7,16.4,16.7,16.7,15.9,15.7,15.9,16.1,17.8,21,23.7,25.6,27.1,28.2,28.8,29.8,29.3,28.8,27.9,25.9,24.7,24,23.4,23.1,23.3,29.8,22.7,16.3,0.02,1.36,1.76,1524.5,9.5,0.18,2.96,3.23,3157,-7.6,0.02,4.24,-0.35,5865,-39.3,-1.2,10150,-20,0
0,0.3,0.8,0.8,0.6,0.5,0.7,1.2,2,1.6,0.9,1.9,1.7,2.2,2.8,2.3,2.5,3.1,2,1.7,1,1.1,0.9,0.8,3.1,1.4,21.2,20.8,20.5,20.3,19.9,19.5,19.3,20.6,23.2,25.9,28.3,29.1,29.6,30.1,30.3,30.6,29.8,28.1,26.6,25.4,24.1,23.7,23.2,22.2,30.6,24.7,15.9,0.62,-2.05,-1.1,1557,6.6,0.28,-1.38,-1.14,3175.5,-7.7,0.01,-2.16,-4.68,5870,5.45,39.15,10165,0,0
0,0.3,0.2,0.4,0.6,0.7,0.6,1.2,0.8,3.2,3,2.6,2.1,2.9,4.1,4.5,4,3.7,3,2.4,2,1.6,1.4,1.2,4.5,1.9,21.3,20.7,20.3,19.9,19.7,19.4,18.7,20.5,23.8,26.2,27.7,28.9,29.8,30.1,29.9,29.1,28.2,26.6,25.1,24.3,23.7,22.8,22.2,21.4,30.1,24.2,16,0.39,-1.66,2.63,1537.5,8.2,0.07,-7.18,5.3,3161.5,-7.4,0.02,-2.61,0.42,5860,-8.1,30.8,10145,-20,0
0.6,0.3,0.3,0.1,0,0.1,0.1,0.4,1.1,1.1,0.5,1.9,1.7,1.5,1.7,2,2.5,2,2,1.7,1.1,0.8,0.2,0.1,2.5,1,12.3,11.7,10.9,10.3,9.9,9.6,9.5,10.9,15,18.7,21.7,23.3,23.9,24.5,24.9,24.9,24.1,22.3,20.2,18.6,17,15.6,13.8,12.7,24.9,16.9,12.7,0.09,-1.91,-0.79,1590,6.8,0.01,0.92,-0.74,3199,-11.5,0.15,7.36,-0.06,5875,-39.1,18.4,10245,-40,0
0.4,0.5,0.2,0.2,0.4,0.2,0,0.7,1.5,0.6,1.1,0.6,0.9,0.7,0.9,0.5,0.8,3.1,3.2,2.6,2,1.8,2.1,1.8,3.2,1.1,18.1,17.5,17,16.9,16.4,16.6,17.2,20.1,22.4,24.2,25.4,26.7,27.6,28,28.6,29.3,29.2,27.8,26,24.3,23.2,22.1,21.5,20.7,29.3,22.8,12.7,0.27,0.68,-8.67,1537,5.5,0.22,11.55,-11.27,3142.5,-16,0.45,19.54,-12.37,5785,0.9,36.4,10170,45,0
1,0.3,0.1,0.3,0.5,1.1,0.6,1.7,3.4,3.4,2.7,2.5,1.2,2.1,2.7,3.8,3.3,4.5,4.2,3.5,2.7,1.1,1.7,1.1,4.5,2.1,20.2,18.9,18.2,17.8,17.2,17.8,18.7,21.1,23.5,25.2,26.4,27.4,27.6,28.7,29.4,28.9,29.3,27.8,25.8,24.3,23.2,22.4,21.3,20.9,29.4,23.4,13.4,0.53,4.04,-4.79,1540.5,4.9,0.41,8.36,-12.68,3150,-13.6,0.22,13.9,-16.43,5800,15.15,44.5,10170,0,0
1.3,1.1,1.3,1.3,1.6,2.1,2.5,3,3.1,3.1,3.1,3.2,2.9,2.8,2.9,4.2,4.2,3.7,3,2.5,2.4,2.1,1.9,1.5,4.2,2.5,19.6,19.1,18.3,17.7,17.5,17.3,18.2,19.9,22.3,24.1,25.6,26.5,27.3,27.8,28.2,27.9,27.3,27,26.2,25,24.2,23.4,23.1,22.6,28.2,23.2,15.2,0.2,1.93,-2.75,1564,6.5,0.38,2.75,-2.31,3182,-12.1,0.16,7.45,-8.43,5845,5.5,32.1,10195,15,0
0.9,0.6,0.7,1.1,1.1,0.3,0.8,2.1,2,1.9,1,1.8,2.2,2.4,2.3,1.7,1.9,3.6,3.6,3,2.6,2,1.4,1.3,3.6,1.8,22.9,22.6,22.2,21.6,21.8,21.2,22.2,24.3,25.8,27.2,28.3,29.6,30.3,30.6,31.2,31.4,31,29.6,28.6,27,26,25.2,24.4,23.6,31.4,26.2,15.9,0.57,1.67,-2.9,1528.5,5.3,0.33,3.79,-5.04,3145.5,-9.6,0.08,12.56,-1.79,5825,10.4,42.5,10135,-10,0
1.1,0.7,0.5,0.6,0.2,0.3,0.9,0.9,1.7,2.1,2.7,2.9,3.5,3.8,4.2,4.8,4.9,4.6,2.9,1.9,1.4,1.4,1.3,0.8,4.9,2.1,24.8,24.4,24,23.7,23.5,23.3,24.4,26.4,27.6,28.9,29.9,30.7,31.2,31.6,31.7,31.6,30.9,29.8,28.7,27.4,26.7,26.1,25.2,24.4,31.7,27.4,18.1,0.85,-2.21,0.18,1550,7.4,0.57,-1.98,-0.17,3183,-6.8,0.06,-1.25,-0.94,5895,28.1,47,10140,15,0
0.5,0.8,0.7,0.4,0.6,1.1,1.1,1.9,2.7,2.6,2.5,2.6,3.7,3.8,4.1,3.8,4,3.1,2.8,1.8,1.2,1.5,0.9,0.5,4.1,2,23.4,23.5,23.1,22.9,22.7,23.3,24.6,26.8,28.3,29.1,30.2,30.6,30.9,30.9,30.9,30.7,30.4,29.9,29.2,27.6,26.4,25.9,24.8,24.3,30.9,27.1,16.2,0.65,-5.04,2.25,1557.5,11.4,0.03,-2.12,4.55,3183,-6.5,0.02,0.68,1.97,5900,-10.6,38.9,10160,20,0
0.3,0.3,0.4,0.1,0.2,0.1,0.7,0.6,2.5,2.4,2.3,2.5,1.9,2.7,3,3,3.6,3.7,2.8,2.3,2.1,1.7,1.7,1.9,3.7,1.8,23.5,23.5,23.1,22.6,22.4,22.4,23.8,25.8,27.7,29,30,30.8,31.2,31.4,31.6,31.7,30.8,30.2,29.1,28.3,27.8,27.4,27.2,26.9,31.7,27.4,16.9,0.51,-0.86,3.04,1571.5,10.2,0.13,-2.23,1.7,3200,-6.6,0.02,2.39,-0.94,5915,-1.1,36,10180,20,0
1.5,1.5,2.1,2.1,2.2,1.9,2.4,2.9,2.1,1.7,1.5,0.9,1.6,1.7,2.4,2.6,3.2,2.6,2.1,1.4,1.1,1.7,1.2,0.8,3.2,1.9,21,20.3,19.7,19.1,18.6,17.8,18.6,20.4,22.1,23.8,25.2,26.1,26.9,27.4,28.2,28.8,28.4,28.2,27.4,26.3,25.2,24.7,24.1,23.8,28.8,23.8,12.6,0.84,0.13,0.74,1560.5,8.2,0.04,-0.17,-0.11,3181,-7.9,0.03,1.62,-2.33,5880,-7.5,38.4,10190,30,0
0.9,0.4,0.9,0.4,0.3,0.5,0.7,0.8,0.6,0.5,1.1,1.7,1.9,2.4,2.4,2.7,3.1,3.4,3,2.5,2,1.7,1.6,1,3.4,1.5,25.4,24.4,23.9,23.4,22.3,22,23.3,25.8,27.6,28.7,30.4,31.4,31.9,32.6,33.2,33.4,33.1,32.6,31.6,29.8,28.5,27.5,26.9,26.3,33.4,28.2,17.1,0.66,-4.83,5.24,1557,7.9,0.39,-2.17,0.11,3186.5,-6.9,0.02,-6.44,0.29,5895,21.6,41.5,10160,0,0
0.4,0.8,0.6,0.4,0.6,0.5,0.2,0.6,1.5,1.2,1.3,1,2,1.5,1.3,2.1,2.6,2.6,2.7,2.3,1.9,1.7,1.8,1.1,2.7,1.4,26.2,25.3,25,24.3,23.9,24.1,24.8,26.7,27.8,29.4,30.6,32.1,33.4,33.9,34.6,35.2,34.9,34.4,33.4,31.3,29.8,28.7,27.9,27.2,35.2,29.4,18.7,0.54,-1.86,-0.54,1555,9.3,0.3,1.47,-0.9,3190.5,-6.5,0.14,-1.57,-2.67,5905,18.4,40.9,10145,-5,0
1.2,0.7,0.3,0.1,0.2,0.3,0.7,2.1,2.1,1.4,0.9,0.9,2,2.1,2.9,3,2.7,2.6,3,2.1,1.6,1.7,1.4,1,3,1.5,26.7,25.9,25.2,24.5,24.1,24.2,25.1,26.9,28.1,29.6,31.3,32.4,33.4,34.2,34.6,35.3,35.3,34.9,33.7,31.9,30.3,29.1,28,27.2,35.3,29.7,18.6,0.71,-2.83,0.91,1568,9.3,0.56,-5.78,2.51,3205.5,-5.3,0.22,-7.29,-1.49,5920,28.4,42.2,10155,10,0
2.2,2.4,1.9,1.7,1.3,1.6,2.4,3.6,4.2,3.4,3.4,2.8,2.2,1.7,2.1,0.8,1.7,1.9,1.3,2.1,2.6,2.4,2,2.3,4.2,2.2,26.9,26.6,26.1,25.6,24.9,24.7,25,26.6,28.6,30.2,31.7,33.1,34.6,36.1,36.8,37.4,37.7,37.7,36.5,34.3,32.8,31.7,30.4,29.7,37.7,31.1,20.3,0.62,1.58,-3.54,1565.5,10.1,0.47,0.7,-3.48,3214,-7.3,0.46,-1.25,-1.31,5915,28.9,47.7,10145,-10,0
2.5,1.7,1.4,2.3,2.5,2.1,3,3.8,3.8,3.4,2.5,1.7,1.4,1.4,1.5,1.5,1.8,2.1,2.4,2,2,2.4,2.3,1.7,3.8,2.2,28.6,27.6,26.6,26.6,26.3,26.1,26.3,27.4,29.3,30.8,32.7,34.4,36,37.1,37.9,38.4,38.4,37.8,36,34.3,33.2,32,30.7,29.4,38.4,31.8,20.6,0.69,1.9,-3.91,1548.5,10.4,0.4,-0.63,-8.45,3196,-6,0.12,-2.53,-3.48,5905,27.7,47.2,10125,-20,0
1.3,0.7,0.3,0.3,0.5,0.7,1.2,1.3,1.3,1.3,1.5,1,1.7,1.5,1.7,3.5,3.9,4.1,3.8,2.8,2.4,1.8,2.1,1.6,4.1,1.8,25.8,25.1,24.6,24.3,24.4,24.6,24.8,26.6,27.9,29.3,30.7,31.4,32.7,33.5,34.2,33,32.6,31.5,30.6,29.4,28.6,28,27.8,27.3,34.2,28.7,16,0.56,0.73,-2.74,1541.5,9.1,0.02,1.4,-7.8,3160.5,-7.9,0.03,1.56,-8.86,5860,-13.1,38.8,10140,-15,0
1.1,0.6,0.5,0.8,0.8,0.8,0.2,1,1.3,1.5,0.8,1,2.1,2.3,2.5,2.7,3.7,3.8,3.4,2.6,2.2,1.6,1,0.8,3.8,1.6,26.6,25.9,25.6,25.9,25.8,25.7,25.8,27.4,29.1,30.3,31.4,32.4,32.9,33.7,33.9,34.1,33.6,32.5,31.1,29.4,28.4,27.6,26.6,25.9,34.1,29.2,16.8,0.55,-0.44,-0.12,1545,8.4,0.05,-3.79,-3.82,3165.5,-8.1,0.02,-2.76,-6.96,5865,-1.3,40.8,10140,0,0
0.3,0.4,0.2,0.6,0.3,0.5,0.8,0.2,1,1.3,0.8,1,1,0.8,2.3,1.8,4.4,3.8,3.4,3.4,3,2.6,1.7,0.8,4.4,1.5,24.7,23.4,22.8,22.9,22.3,22,23.1,25.7,27.8,28.9,30.3,31.6,32.7,33.3,33.8,34.2,32.6,32,31.4,30.1,28.8,28.1,27.6,26.8,34.2,28.2,17.1,0.62,-3.8,2.48,1559,9.2,0.03,-2.78,-1.81,3183.5,-10.5,0.16,-2.11,-7.33,5865,-3.3,47.7,10160,20,0
0.9,0.6,0.5,0.2,0.7,0.2,0.1,0.8,2.1,1.6,1.2,1.5,1.1,1.4,1.4,2.5,3,3.8,4,2.8,2.5,2.4,1.4,1.4,4,1.6,25.2,24.8,24.6,24.2,24,24.1,24.2,26,27.8,29.2,30.4,31.2,32.2,32.9,33.6,32.7,33.3,32.1,30.7,29.2,28.2,27.6,27,26.6,33.6,28.4,17.9,0.58,-0.79,0.61,1545.5,7,0.46,-2.76,-2.67,3175,-7.8,0.03,2.78,2.48,5865,24.1,42.9,10140,-15,0
1.6,1.8,1.9,2.1,2.2,1.3,1.3,2.4,3.4,3,1.4,0.9,1.2,1.2,0.9,1.7,2,2,5.3,2.1,1.7,1.7,0.9,1,5.3,1.9,26.7,26.2,25.9,25.5,25.3,24.9,25.1,26.2,27.7,29.4,31.1,32.7,33.7,34.7,35.6,36.4,36.5,36.1,29.3,28.3,27.3,26.7,26.9,26.1,36.5,29.3,20,0.64,0.17,-6.82,1570,8.6,0.73,-5.37,-3.1,3212.5,-6.2,0.3,-6.96,-5.03,5915,34.6,45.4,10155,-25,0
1,0.4,0.4,0.4,0.4,0.4,0.6,1.5,0.9,0.2,1,1.3,1.6,2.2,0.7,2,1.9,2.2,2.1,2.7,1.8,0.9,0.9,0.7,2.7,1.2,25.5,25.1,25.2,24.8,24.2,24.1,24.4,25.8,27.6,29.3,30.9,32.3,33.8,34.7,35.3,36,35.9,35.6,34.5,32.9,31.2,30.1,28.7,27.9,36,29.8,20.2,0.66,-3.18,-3.45,1555,9,0.39,-2.83,-4.89,3198.5,-7,0.49,-4.06,-9.84,5895,26.75,47.25,10140,-15,0
1.4,2,1.7,1.8,2.3,2.1,2.3,3.6,3.8,2.9,2.3,1,0.9,1.2,1.7,3.2,3.3,4,3.8,3.1,2.8,2.6,2.5,1.5,4,2.4,27.2,26.6,25.9,25.7,25.3,25,25.2,26.6,28.3,29.8,31.4,33.3,34.7,35.7,35.8,36,35.9,35.1,33.7,31.9,29.9,28.7,28,27.2,36,30.1,19.8,0.61,0.09,-0.52,1589,7.9,0.6,-4.09,-2.92,3225.5,-6.3,0.31,-3.29,-4.22,5935,30.55,44.2,10175,-30,0
1,0.8,0.3,0.7,0.4,0.2,0.2,1.3,1.9,1.4,0.6,1.2,1.4,2,1.9,1.9,3.7,4.1,2.9,1.8,2.5,1.6,1.7,1.7,4.1,1.5,26.4,25.6,25,24.7,24.1,23.7,24.1,26,28,29.6,30.9,32.3,33.7,34.7,35.4,35.9,35.7,34.6,33.2,31,29.5,28.1,27.1,26.7,35.9,29.4,20.9,0.28,-2.41,2.87,1577,10,0.22,-3.67,5.24,3221,-5.4,0.08,-6.01,0.79,5930,7.7,33.1,10165,-10,0
1.3,1.3,1.1,0.4,1,0.4,0.3,0.6,1.5,1.6,0.9,1,1.1,1.9,1.2,2.3,3.9,3.9,3.3,2.6,2.7,2.2,1.3,1.1,3.9,1.6,26.5,25.4,24.8,24.1,23.5,23.3,23.2,25.4,27.6,29.4,31,32.2,33.5,34.4,35.3,35.7,34.7,33.8,32.2,30.3,28.6,27.7,26.9,25.9,35.7,29,20.9,0.33,-3.98,2.3,1582,8.1,0.34,-7.58,1.03,3222.5,-5,0.03,-3.53,-1.79,5930,15.3,34.8,10175,10,0
0.6,0.6,0.7,0.4,0.5,0.5,0.6,1,2,2,0.7,1.2,1.2,3.4,2.9,3,3.7,4.5,4.2,2.7,2.1,1.5,0.7,0.7,4.5,1.7,26.7,25.5,25.1,25.3,25.1,24.8,25.1,26.8,28.3,29.7,31.2,32.9,34.1,35.1,35.2,35.8,35.4,34.2,32.2,30.4,29.3,28.8,28.1,27.2,35.8,29.7,20.7,0.58,-3.73,1.64,1579,8.5,0.58,-7.88,1.23,3220.5,-7.7,0.22,-8.24,-0.76,5920,32.4,48.3,10160,-15,0
0,0.3,0.5,0.3,0.5,1.1,1.2,1.4,1.1,0.5,1.2,0.7,1.2,2,2.1,3,4.2,3.8,3,2.1,1.9,1.9,1.3,1,4.2,1.5,23.9,23.7,23.4,23.3,23.2,23.4,23.3,24.9,27.1,28.6,30.2,31.4,32.1,33,33.6,33.8,33.6,32.7,31.3,29.9,28.8,27.9,27.1,26.3,33.8,28.2,18.4,0.68,-2.86,0.59,1582,8.7,0.68,-4.13,1.64,3219.5,-7.2,0.54,-3.1,-1.04,5925,32.5,45.2,10180,-10,0
0.9,0.3,0.5,0.4,0.2,0.3,0.1,0.4,1.5,1,0.9,1.4,1.5,2.4,2.1,2.7,3.7,3.5,3.3,2.7,2.4,1.7,1.4,0.9,3.7,1.5,25.6,25.1,24.5,24.3,23.5,23.5,23.5,26,27.6,29.6,30.9,32.2,33.4,34.1,34.8,34.6,34,33.2,31.8,30.2,28.7,27.7,27,26.5,34.8,28.8,19.8,0.55,-5.15,1.97,1557.5,9.2,0.39,-4.85,0.86,3200.5,-6.8,0.09,-8.8,-3.56,5900,23.9,43.7,10145,-35,0
0.7,0.5,0.2,0.2,0.2,0.4,0.4,0.4,1.2,2.2,1.7,1.4,0.8,0.7,0.4,2.3,2.6,3.6,3.1,2.7,2.1,1.3,1.5,1.5,3.6,1.3,26.1,25.3,24.7,24.1,23.8,23.8,24.4,26.4,28.4,30.2,31.8,32.8,34.2,35.4,36.1,36.8,36.6,34.7,32.8,30.9,29.6,28.6,27.8,27.2,36.8,29.7,21.5,0.27,-2.43,2.15,1559,10.2,0.5,-3.84,5.49,3207.5,-5.2,0.21,-2.83,-1.32,5925,16.7,31.9,10145,15,0
1.1,0.8,0.7,1.1,1.6,2.1,2,3.2,3.7,3.3,2.9,2.2,2,1.3,1,0.6,0.4,1.6,1.9,2.5,1.7,2,1.5,1.7,3.7,1.8,26.5,25.8,25.3,24.9,24.6,24.8,25.1,26.2,27.9,29.6,31.3,33.2,35,36.7,37.9,38.6,38.9,38.6,36.7,33.7,31.9,31.2,30.2,29.7,38.9,31,22.6,0.41,-2.37,-1.06,1558.5,10.4,0.58,-5.06,0.35,3212.5,-6.2,0.08,-2.5,-4.78,5915,29.4,43.6,10130,-15,0
1.8,2.5,1.7,1.5,2.1,1.8,2,2.5,3.6,2.9,2.8,2.6,0.9,0.8,0.9,2.5,2,1.7,1.3,1.1,0.8,1.7,2.1,2.1,3.6,1.9,28.7,28,27.2,26.3,26.1,25.4,25.6,27.4,30,32.4,34.8,37.1,38.4,39.2,39.9,40.3,40.4,39.6,37.7,35.3,34.2,33.2,32.6,31.1,40.4,33,24.1,0.43,-0.31,-5.12,1540,10,0.59,-4.59,-6.55,3194.5,-7.9,0.26,-5.66,-3.99,5900,34.4,50.5,10095,-35,0
2.1,1.3,1.4,1.3,2.3,1.7,2.3,3.1,3.8,4.3,4,3.7,3.3,2.6,3.4,3.9,1.6,5.5,3.4,1.3,1.7,1.1,0.6,0.1,5.5,2.5,29.9,29,28.4,27.7,27.2,27.1,27,28.4,29.9,32,33.9,36.1,37.8,38.9,39.8,40.1,35.7,27.2,27.5,29.4,28.2,27.6,26.6,25.6,40.1,30.9,24.5,0.39,1.56,-3.45,1538.5,9.6,0.71,-2.8,-8.23,3196,-9.1,0.78,-2,-5.08,5890,38.15,52.2,10095,0,0.94
0.7,0.6,0.8,0.9,0.7,0.7,1.1,3,3.9,3.7,3.2,2.7,2.3,1.7,0.5,1.6,0.8,2.4,0.4,0.5,1.6,1.4,1.5,3,3.9,1.7,25.2,25.5,25.4,25.5,25.3,25.3,26,28,29.4,30.9,32.6,34.6,36.2,37.2,38.1,38.7,38.9,35.1,33.6,32.9,31.4,30.3,30.2,29.8,38.9,31.1,21.7,0.73,3.06,1.24,1543.5,8.5,0.87,1.37,-4.18,3192.5,-6.8,0.72,-4.63,-4.01,5895,42.05,51,10120,25,0.64
1.6,1,1.1,1.4,2.6,1.6,1.5,2.3,2.8,3.2,3,2.3,2.3,3.5,4.2,3.3,3,2.9,2.7,1.7,1.4,1.3,0.5,0.2,4.2,2.1,29.6,28.4,27.3,26.9,27.1,26.3,25.9,27.7,30.7,33.8,36.4,38.5,40.4,41.3,41.6,41.3,41.1,39.9,37.6,35.7,33.9,32.7,31.1,29.9,41.6,33.6,23.6,0.45,0.22,-5.57,1527,10.4,0.49,-4.3,-12.52,3182,-5.2,0.1,-8.73,-8.73,5895,27.9,45.1,10085,-5,0
0.2,0.5,0.4,0.2,0.2,0,0.2,1.3,1.5,1.7,1.3,1.9,1.6,1.9,2.9,4.2,3.1,2.2,2,1.7,2.1,2.7,2.2,2.7,4.2,1.6,28.6,27.4,26.9,26.7,26.1,26,26.1,28.8,31,33.4,35.8,37.9,39.2,40.1,40.3,40,38.9,38.5,37.8,36.1,34.6,33.4,32.2,31.3,40.3,33.2,22.8,0.52,-2.97,-2.91,1544.5,9.7,0.69,-6.21,-13.32,3197.5,-5.9,0.21,-8.14,-17.45,5905,35.45,46.9,10100,15,0
0.3,0.4,0.5,0.7,0.8,0.7,0.4,1,0.8,0.4,0.4,1.3,0.8,0.6,1.4,1.5,2.7,3,2.4,2.1,1.7,1.6,1.2,0.2,3,1.1,17.1,16.5,16.3,16.2,16,15.1,14.8,17.9,21.2,24.4,27.2,28.4,29.5,30.3,30.8,31,30.5,29.4,27.3,25.4,24.4,23.6,22.4,20.9,31,23.2,16.3,0.1,-3.74,-3.42,1533,8.6,0.16,-2.47,-4.33,3161.5,-7.7,0.04,0.22,-5.89,5870,-18.2,12,10145,-5,0
0.4,0.4,0.3,0.5,0.5,0.8,0.8,1.1,1.3,1.4,1.3,2,2.6,2.5,1.8,2.6,1.9,1.8,1.3,2,1.7,1.1,0.8,0.2,2.6,1.3,16.3,15.7,15.3,15,14.7,14.7,14.7,16.9,20.6,23.7,25.5,26.4,27.3,27.8,28.6,28.7,28.6,27.8,24.9,23.4,21.7,20.2,19.2,17,28.7,21.4,13.3,0.33,-2.49,-2.94,1537,6.9,0.05,-2.26,-1.6,3149,-7.6,0.02,1.91,-5.84,5845,-20.8,23.8,10165,-10,0
0.2,0.4,0.6,0.5,0.7,0.7,0.3,1.2,1,1.5,1.7,2.1,2,2.3,2.1,2.5,3.5,3.2,2.5,2.1,1.8,1.3,1.2,0.9,3.5,1.5,16.2,15.7,15.2,14.9,14.8,14.4,14.2,16.6,20.2,23.6,25.8,26.9,28,28.6,28.9,29.1,28.2,26.9,25.4,24.4,23.8,23.3,23,23.4,29.1,22.1,14,0.29,-1.94,-0.08,1525.5,8.7,0.02,0.99,-0.14,3144.5,-5.5,0.02,3.79,-3.04,5860,-28,21.5,10145,-20,0
0,0.1,0.3,0.1,0.2,0.4,0,0.8,1.1,1.7,2.6,2.8,2.7,3.2,3.4,2.9,1.9,1.8,1.4,0.8,1.2,1.7,0.8,0.5,3.4,1.4,16.4,16.3,15.9,15.5,15.4,15.3,15.4,17,20,22.7,24.6,25.7,26.6,26.5,25.7,25.2,25,24.2,23.1,22.2,21.5,21.6,21.4,20.9,26.6,21,11.9,0.43,2.5,-3.73,1548,4,0.52,8.78,-3.6,3152,-10.7,0.3,12.7,-4.08,5810,13,32.2,10180,-20,0
0.1,0.3,0.6,0.4,0.4,0.8,0.5,0.6,1.4,1.7,1.7,1.3,1.2,0.9,2.8,2.7,3.8,3.8,2.7,2.2,1.8,1.6,1,0.8,3.8,1.5,8.7,8.2,7.4,6.9,6.6,6.8,7,8,11.7,14.8,17.1,18.8,19.7,20.3,20.9,21.1,20.3,18.9,17.2,15.8,15.2,14.8,14.1,13.1,21.1,13.9,7.2,0.42,-0.94,-2.21,1546,0.95,0.17,10.62,-2.91,3121,-15.7,0.05,19.47,-4.88,5740,-3.9,34.3,10225,-15,0
0.2,0.4,0.2,0.1,0.3,0.2,0.1,1.2,1.7,2.1,2.8,2.5,3.6,3.6,4.5,4.5,4.1,3.9,3.6,3.1,2.5,2.5,2.5,2.5,4.5,2.2,14.2,13.6,13,12.4,11.8,11.4,11.1,13.5,17.2,19.3,21.1,22.6,23.8,24.1,23.6,23.4,23.4,22.3,20.8,19,18.2,18.1,18,17.9,24.1,18.1,9.9,0.52,4.26,-4.38,1498,1.2,0.35,14.55,-6.83,3083,-14.7,0.04,23.51,-12.17,5705,3,38.7,10140,30,0
0.1,0.2,0.4,0.3,0.4,0.7,0.7,1,1.2,0.6,1.8,2.7,2.8,3,2.8,3.1,3,3.4,3,1.8,1,0.6,0.1,0.3,3.4,1.5,14.7,14.1,13.8,13.4,13.4,13.8,14.5,16.1,18.4,21.2,23.1,24.3,24.7,24.8,25.2,24.9,24.6,23.7,22.9,21.8,20.6,19.2,17.6,16.7,25.2,19.5,9.6,0.64,-5.45,-3.43,1565,3.7,0.06,-4.83,2.89,3153,-12.6,0.06,4.56,-1.78,5795,-7.7,37.9,10215,-10,0
0.3,0.3,0.3,0.4,0.2,0.1,0.3,0.9,1.2,1.5,2.1,1.4,1.3,2.2,2.6,2.7,3,2.5,2.5,2.1,2.1,1.6,0.9,0.8,3,1.4,20.2,19.9,19.7,19.4,19.3,19.1,20.2,22.1,23.4,24.4,25.6,26.2,26.7,27.5,27.9,27.7,26.1,25.8,24.9,23.6,22.6,22.1,21.2,20.8,27.9,23.2,12.3,0.77,-3.45,0.62,1563,1.9,0.84,-1.81,-0.59,3161.5,-12.4,0.07,-0.59,-4.96,5805,30.3,45.05,10195,-10,0
0.1,0.4,0.1,0.3,0.4,0.4,0.9,1.3,0.7,0.5,0.9,1,1.8,2,2.3,2.8,3,3.4,2.3,1.9,2,1.3,1.4,1,3.4,1.3,20.9,20.3,20,19.6,19.6,19.7,20.6,22.4,24.2,25.4,26.7,27.7,28.2,28.6,29.3,29.4,29.6,28.8,27.7,26.1,24.9,23.6,22.6,21.5,29.6,24.5,14.3,0.62,-2.38,-1.02,1580,4.8,0.16,-3.85,0,3191,-10.7,0.02,-3.81,-0.33,5855,9.9,42.6,10205,5,0
0.8,0.3,0.2,0.4,0.3,1.4,0.9,1.5,1.9,2.6,2.5,2.7,2.8,2.9,3.3,3.1,3.1,3,2.2,3.6,3,3.3,2.3,2.3,3.6,2.1,16.2,15.8,14.4,13.7,14,15.2,17.3,20.3,23.1,25.3,26.8,27.9,29.1,29.7,30.3,30.6,30.8,30.3,29.3,27.4,25.4,23.7,22.3,21.5,30.8,23.3,12.8,0.45,0.61,-6.92,1521,4.7,0.17,9.53,-7.04,3129,-11.3,0.11,17.58,-2.33,5795,3.4,35.7,10150,25,0
2.2,1.7,0.8,3.8,4,4.1,2,1.9,1.8,2.9,3.1,2,2.8,2.6,1.6,0.6,1,2.8,2.4,1.5,1.4,1.5,1,0.4,4.1,2.1,27.7,27.7,27.7,22.9,19.8,20.1,20.2,20.1,20.9,22.8,24.3,26.2,27.4,28.7,29.6,30.1,30.6,29.8,28.8,27.5,26.6,25.8,24.8,24.1,30.6,25.6,16.9,0.85,3.48,3.77,1543.5,8.4,0.7,6.8,9.71,3177,-8.8,0.45,7.11,7.01,5865,34.1,48.8,10150,50,3.33
0.4,0.4,0.1,0.1,0,0.4,0.5,0.6,1.3,2,1.9,1.2,1.1,1.7,1.8,1.7,2.4,2.8,2.2,1.3,1,0.7,0.3,0.1,2.8,1.1,24,23.6,23.1,22.6,22.4,22.3,23.6,25.8,27.4,28.6,29.4,30.3,30.8,31.3,31.7,31.8,31.9,31.6,30.8,29.6,28,26.9,26.1,25.8,31.9,27.5,16.1,0.73,0.36,0.27,1575,9.3,0.06,6.39,-4.24,3207,-8.6,0.07,6.4,-5.96,5900,0.25,44.35,10185,35,0
0.4,0.7,0.5,0.6,0.8,1,1.6,1.5,2.3,1.3,1.1,2.2,2.7,2.8,2.7,2.5,2.9,3.1,2.7,1.9,0.8,0.6,1.2,1.1,3.1,1.6,22.9,22.1,22.1,22.4,22.1,22.2,23.4,24.9,26.8,28.7,30.2,30.7,31,31.3,31.6,31.4,31.7,31.2,30.2,28.6,26.7,25.2,25.1,24.7,31.7,27,15.6,0.61,-5.27,-0.69,1574,8.7,0.06,-8.55,-0.04,3198,-9.1,0.04,-4,-4,5900,-1.7,41.4,10180,-15,0
0.7,0.7,0.1,0.1,0.2,0.4,0.4,0.4,0.8,1.1,0.8,0.6,0.5,1.5,1.7,2.3,3,2.6,2.3,2.1,1.6,1.5,1.1,1.2,3,1.2,22.9,22.6,22.2,21.7,21.3,21.2,22.6,25.1,27.1,28.1,29.4,30.1,30.8,31.5,31.6,31.3,30.2,29.7,29.3,28.3,27.3,26.6,25.9,25.3,31.6,26.8,16,0.84,-3.16,0.89,1561,7.4,0.49,-5.34,3.49,3185.5,-8.2,0.05,-2.25,-3.93,5880,26.65,45.75,10165,-15,0
0.5,0.1,0.5,1.3,1.2,0.9,1,0.8,0.7,0.7,1,1.6,1.1,1.5,1.6,2.1,1.9,1.2,2.2,1.2,1,0.6,1.1,1,2.2,1.1,23.6,23.2,23.4,23.3,23,23.1,23.4,24.1,25.4,27.8,28.7,29.7,30.4,31.3,31.4,31.1,27.7,28.1,28.3,27.9,26.8,26.2,26.1,25.8,31.4,26.7,16.5,0.82,-0.18,0.9,1589.5,7.8,0.76,1.25,-0.67,3220,-8.3,0.75,4.63,3.24,5915,34.1,46.45,10200,10,0.08
0.8,1.1,1,1.4,1.3,1.6,1.5,0.9,2.2,2.7,3.4,2.1,1.1,0.9,2,2.5,3.2,3,2,1.6,1.9,1.1,1,0.8,3.4,1.7,26.7,26.1,25.6,25.5,25.2,25.6,25.7,26.2,26.7,28.9,30.8,32.2,33.7,34.4,35.6,36.4,36.5,35.2,33.1,31.2,29.7,28.6,28.2,27.5,36.5,29.8,17.9,0.9,-1.4,-5.11,1540.5,9.4,0.55,-3.22,-6.3,3176.5,-6.2,0.54,0.26,-5.91,5890,31.3,46.5,10125,-15,0
0.5,1.4,1.3,1.3,1.4,0.4,0.3,1,1.9,2.1,2.1,1.3,1.7,1.6,3.4,4.5,3.8,3.4,3.9,0.4,0.6,1.4,1.2,0.6,4.5,1.7,27.1,26.4,26.1,25.6,25.3,25,25.4,26.7,28.3,30.6,31.8,32.9,33.6,34.2,33.1,32.1,31.8,31.1,26.9,25.2,25.4,25.3,24.4,24.2,34.2,28.3,18.3,0.81,-2.35,-3.36,1544.5,8.1,0.69,-2.89,-5.09,3181.5,-7.9,0.35,-3.12,-4.35,5885,35.75,49.1,10130,5,1.02
0.8,0.7,0.6,0.7,0.4,0.4,0.5,1.1,1,1.6,1.1,1,1.2,0.9,1.6,2.5,3.4,3.7,3.5,3.3,2.7,1.7,1.7,1.1,3.7,1.5,26.7,26.3,25.7,25.7,25.1,25,25.2,26.6,28.5,29.6,30.4,31.1,32.3,32.9,33.3,33.3,32.9,31.9,30.5,29.2,28.2,27.6,27.1,26.3,33.3,28.8,16.7,0.74,-4.73,1.03,1557.5,10.9,0.2,-5.45,1.28,3197,-3.8,0.09,0.94,-0.24,5925,9.7,35.5,10160,-10,0
0.2,0,0.1,0.3,0.4,0.3,0.2,0.5,0.7,0.4,1,1.6,0.8,1.4,1.3,1.2,1.4,1.6,1.3,1,0.8,0.9,0.3,0.1,1.6,0.8,24.3,23.4,23.1,22.7,22.9,22.7,22.4,23.4,25.2,27.8,29.2,30,30.4,30.4,30.9,31.3,30.7,29.7,28.2,27,25.9,25.4,24.1,23.8,31.3,26.5,16.2,0.63,-6.11,-4.1,1540,7.6,0.15,-4.15,-4.91,3163,-5.5,0.06,4.3,-3.91,5875,7.4,36.4,10140,0,0
0.2,0.2,0,0.4,0.6,0.5,0.2,0.5,0.7,0.5,1.1,1.1,1.7,2.4,2.5,2.1,1.3,1.8,2.2,1.9,1.8,0.9,0.7,1.6,2.5,1.1,23.1,23.3,22.9,22.6,22.3,22.3,22.2,24,26.2,27.7,28.9,29.5,29.9,30.3,30.4,29.8,28.9,28.3,27.3,25.7,24.7,24.2,23.6,23.3,30.4,25.9,15.6,0.81,0.42,-1.92,1539.5,5.8,0.54,2.22,-0.01,3162,-6.7,0.56,6.63,-2.79,5865,24.45,41.35,10140,0,0
0.1,0.1,0.1,0.1,0.4,0.7,0.7,0.9,1.1,1.7,1.7,1.1,1.7,1.8,3,3,3,2.4,1.7,1.6,1.8,0.9,0.1,0.2,3,1.2,14.8,14.4,14.1,13.8,13.5,13.3,13.3,15.4,18.8,21.8,23.8,24.9,25.7,26.1,26.6,26.6,26.2,24.7,22.6,21.1,20.3,19.2,17.8,17.2,26.6,19.8,12.7,0.23,-2,-2.51,1554.5,5.8,0.07,-1.7,-1.44,3163.5,-11.2,0.03,-0.42,-3.36,5830,-13.9,27.8,10195,-5,0
0.2,0.6,0.1,0.3,0.1,0.4,0.3,0.5,0.9,1,0.7,0.4,0.7,1.1,0.5,1,1,0.2,0.7,1.2,0.4,0.8,0.3,0.1,1.2,0.6,15.7,15.4,15.4,14.8,14.1,14.1,14.3,15,17.5,19.9,21.7,22.4,22.9,23.6,24.1,23.9,23.5,22.8,21.4,21.2,19.2,18.9,17.3,16.3,24.1,19,10.5,0.71,0.44,-5.36,1574,0.45,0.72,7.46,-6.81,3161.5,-14.3,0.07,9.48,-8.08,5785,25.95,44.35,10225,-30,0
0.5,0.8,0.6,0.6,0,0.6,0.4,0.7,0.9,1.9,2,1.5,1.3,1.6,2,2.1,3.1,2.1,1.9,1.9,2,1.8,1.3,0.4,3.1,1.3,14.1,14.3,13.9,12.3,11.8,11.6,11.6,12,14.3,17.8,20.8,22.6,23.4,24.2,24.8,24.7,23.2,21.7,20.3,19.5,19.3,18.9,18.6,17.7,24.8,18.1,13.3,0.08,-3.1,4.42,1579.5,4.1,0.39,0.97,-0.81,3182.5,-12.8,0.55,6.57,7.42,5835,-5.1,20.7,10230,0,0
0.3,0.1,0.2,0.1,0.4,0.1,0.8,1.3,1.1,1.6,2.6,2.6,2.2,2.4,2.2,2.8,2.8,3,2.3,2.4,2.2,1.9,1,0.7,3,1.6,18.3,17.6,16.9,17.1,17.3,17.4,17.8,19,20.6,22.6,23.9,24.7,25.5,25.6,25.8,25.9,25.6,25.2,24.2,22.4,21.4,20.6,19.7,19.1,25.9,21.4,10.3,0.82,-1.58,1.81,1552,4.6,0.05,0.63,1.76,3147.5,-13.3,0.41,2.04,5.13,5800,-3,44.3,10195,-15,0
0.1,0.1,0.2,0.6,0.9,1.9,2.1,2.5,3,3.7,4.9,5.3,4.7,4.2,4.5,4.6,4.6,4.5,3.8,2.5,1.4,1.4,1.4,0.8,5.3,2.7,14.8,14.5,14.3,14.1,14.1,14.4,15.6,17.9,20.7,23.2,24.6,25.1,25.3,25.4,25.6,25.3,24.9,24.1,23.1,21.7,20.7,19.8,19.3,18.4,25.6,20.3,12,0.44,-4.01,-2.81,1563,5.8,0.32,3.63,-2.8,3166.5,-13,0.07,6.96,-3.89,5825,10.5,38,10215,10,0
0.8,0.9,0.4,0.8,1,0.2,0.5,2.2,2.2,1.7,1.6,2,2.5,3.1,3.6,3,3.4,3.4,3.2,2.5,2.1,2.4,1.6,0.4,3.6,1.9,25.3,24.9,24.7,24.7,24.3,24.1,25.1,26.9,28,28.7,29.6,30.2,30.7,31.2,31.6,31.7,31.5,30.8,29.6,28.1,26.9,26.3,25.6,24.9,31.7,27.7,16.9,0.72,-7.6,1.72,1524,10.4,0.05,-3.66,-1.81,3158,-5.9,0.19,-0.32,-6.51,5865,-0.9,40.5,10120,-5,0
1.1,0,0.1,0.4,0.4,0.9,2.1,2.5,2.3,2.2,1.3,0.9,1.5,1.3,1.5,2.5,0.5,2.4,2.4,3.1,2.5,1.9,2.4,2.6,3.1,1.6,25.9,24,22.9,22.2,21.6,21.3,22.5,24.1,26.1,27.9,29.2,30.1,30.9,31.6,32.6,33.2,33.3,32.9,31.6,29.6,28.1,27.2,27.1,26.7,33.3,27.6,15.5,0.71,1.78,-5.64,1522,9,0.21,8.1,-12.55,3152,-7,0.08,8.71,-9.43,5850,12.3,39.3,10120,10,0
0.3,0.2,0.8,1,1.5,1.2,1.2,0.8,0.8,1.3,3.1,3,2.3,1.4,1.3,1.9,3,3.5,3.3,2.8,2.3,2.2,1.4,1.2,3.5,1.7,14.7,13.8,13.2,13.4,13.8,14.1,14.2,14.4,15,16.1,18.1,20.4,21.4,22.6,24,24.8,24.9,24.1,22.4,20.7,19.4,18.2,17.3,16.9,24.9,18.3,10.9,0.97,-0.24,0.16,1408,2.8,0.57,0.7,-1.93,3005,-13.9,0.7,7.44,-0.04,5655,23.7,49.1,10030,-65,0
0.3,0.1,0.3,0.2,0.3,0.2,1.1,1.5,2.1,3.2,3.4,3,3.3,3.3,3.2,3.6,4,3.1,2.7,2.4,1.9,1.8,1.8,1.2,4,2,17.9,17.3,16.8,16.3,15.6,15.6,16.8,19.7,22.4,24.4,25.3,26,26.6,27.2,27.6,27.3,26.6,25.3,24.1,22.6,21.4,20.7,20.4,19.9,27.6,21.8,15,0.52,0.84,-5.57,1492,6.5,0.29,2.97,-12.2,3114.5,-12.1,0.07,9.59,-5.9,5785,15.3,42.9,10110,45,0
1,0.4,0.3,0.4,0,0.1,0.9,1,1.2,1.4,2.2,2.6,2,2.3,3.5,3.3,4.2,3.9,3.8,2.9,2.5,2,1.7,1.7,4.2,1.9,22.6,21.9,21.1,20.6,19.9,19.6,20.9,23,24.1,26.2,28,29.1,30.1,31.1,30.7,30.6,29.8,28.7,27.9,26.8,25.7,24.9,24.3,23.9,31.1,25.5,14.9,0.5,1.69,-3.72,1533.5,7.1,0.44,-0.16,-9.46,3162.5,-11,0.31,2.69,-9.06,5835,18.3,40.8,10145,-15,0
0.3,0,0.3,0.6,0.5,0.3,1,2.4,2.7,2.2,1.4,1,0.6,0.8,0.5,1.5,1.2,1.3,1,2.5,2.6,2.2,2.1,2.3,2.7,1.3,19.9,18.8,18.1,17.9,17.8,17.5,19.1,22.4,25.2,27.3,28.4,29.4,30.5,31.1,31.9,32.4,32.6,32.5,31.5,29,27.4,26.4,25.7,25.3,32.6,25.8,12.2,0.73,2.01,-4.15,1543.5,9.8,0.04,2.31,-4.52,3168,-7.9,0.08,5.88,-8.05,5865,-9.5,35.4,10165,-30,0
2.1,2.1,2,1.9,1.7,1.8,2.1,2.9,3.4,3.7,2.8,2.9,2.8,2.2,1.5,2.2,2.9,3.7,4.5,3.7,3.7,3,2.6,2.6,4.5,2.7,24.7,24.4,24.1,23.7,23.4,23.2,24.1,25.9,27.9,29.4,30.7,32,33.3,34.2,34.6,35,35,33.8,31.4,29.7,28.4,27.4,26.5,25.8,35,28.7,16,0.61,1.66,-2.07,1522,10.8,0.08,-1.61,-9.11,3149,-7.3,0.12,1.57,-8.93,5860,-4.2,39.1,10120,-45,0
2.5,2.4,1.7,2.1,1.3,0.7,1.8,3.5,3,2.8,2.5,2.6,2,0.5,1.7,2.3,2,2.8,3.6,3.2,2.2,2.4,1.7,1.1,3.6,2.2,25.2,24.7,24.2,23.9,23.2,22.8,24,25.5,27.1,28.4,29.9,31.3,32.2,33.3,34.2,34.8,35.1,34,32,29.9,28.6,27.3,25.9,24.8,35.1,28.4,18.8,0.71,3.89,-3.14,1504.5,13.1,0.26,0.7,-3.98,3163.5,-7.8,0.19,2.33,-5.6,5880,21.25,47.55,10095,-25,0
0.8,0.4,0.2,0.4,0.6,0.6,1.2,0.9,1.1,1.8,2,2.6,2.7,2.5,2.3,2.1,4.2,3.6,3.1,3.2,3.1,2.7,2.6,2.2,4.2,2,24.7,23.7,22.7,22.7,22.5,22.3,23.1,24.8,27.4,29.1,30.4,31.3,32.2,32.9,33.4,33.5,32,31.7,30.9,29.3,28.1,27.3,26.8,26.6,33.5,27.9,17.1,0.8,0.01,1.36,1533.5,8.9,0.41,7.36,-2.52,3170,-9.3,0.16,11.51,-3.38,5855,27.05,49.35,10125,35,0
1.1,0.3,0.5,0.2,0.2,0.2,0.1,0.3,1,1,0.8,0.3,1,1.3,0.8,1.1,1.1,2.2,2,1.7,1.7,1.5,1.3,1.7,2.2,1,25.1,24.6,24.2,23.8,23.6,23.4,24,26.5,28.1,29.3,30.1,31.1,32,32.5,32.9,33.2,33.4,32.9,31.6,29.8,28.8,27.8,27.1,26.4,33.4,28.4,18.3,0.6,-3.45,0.83,1602,9,0.38,-4.55,-0.31,3237,-8.2,0.14,-6.61,-4.88,5940,23.5,44.7,10205,30,0
0.2,0.6,0.2,0.2,0.8,0.8,1.3,2.4,2.3,1.7,1.1,1.4,0.2,0.8,2,2.2,2.7,2.2,2.2,2.5,1.7,0.5,0.6,1.1,2.7,1.3,27.8,27.1,27.1,26.6,26.5,26.3,26.8,28.8,30.2,31.9,33.3,34.4,35.6,36.1,36.6,36.9,36.2,33.9,29.9,25.1,25.6,25.4,25.6,25.6,36.9,30,20,0.7,1.06,-4.59,1531.5,11.7,0.45,1.21,-13.85,3176.5,-5.1,0.15,1.51,-9.6,5905,24.6,44.35,10105,-10,0.18
0.2,0.4,0.6,0.4,0.4,0.4,0.3,1.6,2.1,1.5,0.9,0.8,1,0.9,1.2,1.5,1.4,2.3,2.5,2.1,2,0.9,0.5,0.9,2.5,1.1,24.5,24.1,23.8,24,23.6,23.3,23.5,25.3,27.2,28.2,29.2,30.1,31.1,31.9,32.8,33,33.2,32.3,30.1,29.1,27.9,26.8,26.6,26.4,33.2,27.8,17.4,0.8,-2.73,-1.35,1544.5,8.3,0.74,-4.76,-0.6,3179,-7.1,0.57,-3.49,1.63,5885,34.05,45.6,10140,-5,0
0.2,0.3,0.1,0.5,0.5,0.5,0.2,0.9,0.2,1,0.9,0.8,1.3,1.8,1.7,2,2.4,2,1.4,0.8,0.4,0.2,0.4,0.1,2.4,0.9,20.7,20.3,19.9,19.7,19.7,20,20.1,21.8,23.9,25.8,26.5,27.4,28.3,28.8,29.3,29.7,29.3,28.3,26.8,24.8,23.8,22.7,21.8,20.9,29.7,24.2,15.2,0.87,-3.47,1.48,1531.5,9.1,0.18,3.59,3.66,3156.5,-6.8,0.04,5.95,-1.46,5860,13.4,41.7,10135,0,0
0.2,0.1,0.4,0.4,0.5,0.7,1.3,1.4,2.1,2.4,2.1,1.6,0.4,1.9,2.1,2.9,3.1,3.4,3.1,2.4,1.7,0.8,0.4,0.6,3.4,1.5,20.6,20.3,20.2,20.4,20.8,21,21.7,23.2,25.2,26.9,28,29.1,29.6,30.4,30.8,30.7,29.3,29,27.7,27.1,26.6,26.3,26,25.4,30.8,25.7,18.5,0.24,-0.7,0.7,1532,7,0.33,6.25,4.54,3161,-7.9,0.42,11.01,3.46,5860,9.9,32.3,10140,5,0
1.1,1,0.5,0.3,0.9,0.5,0.3,0.6,1.5,1.3,1,0.2,0.5,0.9,1.2,2,2.4,2.3,1.4,1.2,1,1.1,0.4,0.2,2.4,1,21.8,21.6,21,20.7,20.7,20.6,20.6,22.9,25,26.7,27.9,28.8,29.6,30.2,31,31.2,31.1,30.3,28.4,26.9,25.7,24.9,24.5,23.7,31.2,25.7,16.7,0.95,7.44,14.78,1503.5,7.4,0.63,9.77,11.64,3135.5,-6.8,0.52,9.61,12.4,5835,32,46.15,10105,-5,0
0.3,0.2,0.1,0,0.4,0.3,0.6,0.5,1.3,0.9,1.5,2.3,1.7,3,3.2,3.3,2.6,2.2,2.4,0.9,0.6,0.7,0.5,0.1,3.3,1.2,22.6,22.2,21.9,21.6,21.5,21.4,21.8,22.2,24.3,25.5,26.6,27.7,28.7,29.4,29.4,29.3,29.1,28,26.7,25.6,24.4,23.7,23.3,22.4,29.4,25,17.9,0.37,-3.27,-2.01,1544,10.6,0.08,-0.79,-0.8,3180,-7.5,0.12,4.92,0.1,5895,-2.2,35.8,10155,-15,0
0.1,0.3,0.2,0.2,0.5,0.9,0.3,1,2.1,2.1,1.8,2.1,2.2,2.1,2.2,2.3,2.5,1.9,1.3,1.5,1.4,1.5,1,0.9,2.5,1.4,15.9,15.4,14.9,14.8,14.9,15.4,14.9,16.7,19.8,22.2,24,25.4,26.6,27.5,28,28,27.6,26.3,24.2,22.8,21.7,21,20.3,19.8,28,21.2,15.2,0.53,1.24,-3.09,1526,8.8,0.28,6.04,-1.79,3158.5,-9.7,0.28,10.38,-3.29,5835,14.1,40.3,10155,-35,0
0.1,0.1,0.1,0.4,0.1,0.1,0,0.5,1.3,0.4,1.5,1.9,1.5,1.4,0.9,1.5,2.5,1.7,1.9,1.9,1.6,1.4,1.1,0.9,2.5,1,19.1,18.2,17.7,17.2,16.6,16.1,15.9,17.4,20.8,23.9,26.7,28.7,30,30.8,31.6,31.7,30.4,28.3,26.4,25.3,24.3,23.1,21.8,20.7,31.7,23.4,18.6,0.29,1.13,-4.95,1518.5,9.5,0.24,-0.17,-6.6,3158,-8.4,0.14,-1.71,-7.76,5865,8.6,35.5,10120,-45,0
0.6,0.8,1,1.2,0.9,0.8,1.9,3.2,3.4,2.5,1.1,0.6,1.4,1.3,1.8,1.2,1,1.2,1.7,3,2.5,2.2,1.9,1.3,3.4,1.6,27.1,26.8,26.5,26.2,25.6,25.2,25.7,27.2,28.5,29.6,30.6,31.4,32.4,32.9,33.3,33.3,33.2,33.6,32.2,30.2,29.4,28.7,28.1,27.3,33.6,29.4,19.2,0.85,-0.67,-0.74,1543.5,11.1,0.36,-5.1,-0.58,3190,-6.1,0.1,-1.07,-5.03,5900,27.35,47.95,10125,0,0
0.4,0.3,1,0.7,0.6,0.7,0.6,1.1,2.1,1.7,1.6,1.4,1.5,1,2,2.5,2.6,0.6,1.3,2.3,2.5,2.7,3,2,3,1.5,25.7,25.3,25.1,25.1,24.9,24.9,25.3,26.7,28.5,29.5,30.5,31.7,32.9,33.3,33.1,33.2,32.6,31.3,30.4,29.8,27.6,26.5,25.8,24.9,33.3,28.5,17.3,0.72,2.87,-3.13,1539,9.9,0.42,0.18,-4.36,3175.5,-5.3,0.16,5.61,-0.67,5885,22.35,40.15,10130,-15,0.03
0.4,0.8,0.8,0.8,0.8,1.2,1.2,1.5,1.9,1.8,0.9,1.5,1.3,1.3,0.9,1.2,1.3,1.3,0.8,2.1,1.7,1.3,0.5,0.9,2.1,1.2,23.7,23.8,23.5,23.2,22.8,22.8,23.2,24,25.1,25.8,27.4,28.8,29.1,29.2,29,28.9,28.2,27.6,25.4,22.6,22.9,23.3,23.2,23.5,29.2,25.3,16,0.75,-2.48,-0.38,1553,8.9,0.19,2.55,1.19,3178.5,-7.5,0.44,4.42,2.42,5880,8.9,42.4,10155,-25,1.19
0.3,0.4,0.5,0.4,0.1,0.5,0.9,1.3,2,1.6,1.5,1.4,1.7,1.2,1.1,2.1,2.2,2.3,2,1.8,1.3,0.8,0.8,0.3,2.3,1.2,25.3,25.3,25.4,25.2,24.8,25.5,24.9,26.3,28.6,30.5,32.4,33.6,34.3,34.7,35.2,35.2,35.1,34,32,30.7,29.6,28.3,27.5,26.6,35.2,29.6,19.7,0.8,0.49,-3.56,1529.5,9.5,0.7,-0.65,-5.1,3174,-6.3,0.13,3.22,-3.49,5885,36.45,48,10100,40,0
0.1,0.3,1,0.5,0.4,0.4,0.5,1,1.1,1.1,0.5,0.6,1.6,1.7,1.4,0.9,1.3,1.4,2.1,1.4,1,1,0.3,0.4,2.1,0.9,21.4,21.2,21.5,20.8,20.3,19.6,19.4,21.2,23.9,26.4,27.8,28.9,29.5,30.2,30.6,30.9,30.8,30.2,28.4,26.7,25.2,24.3,22.6,21.3,30.9,25.1,14,0.59,3.74,-9.12,1531,7.1,0.57,5.63,-0.49,3151,-8.2,0.07,14.12,6.61,5835,20.2,36.4,10150,25,0
